{"cameraMode":{"drawMode":0,"name":"Shaded","section":"Shading Mode"},"sceneLighting":true,"audioPlay":false,"sceneViewState":{"showFog":true,"showMaterialUpdate":false,"showSkybox":true,"showFlares":true,"showImageEffects":true,"showParticleSystems":true,"showVisualEffectGraphs":true,"m_FxEnabled":true},"in2DMode":false,"pivot":{"x":-23.213687896728517,"y":9.351475715637207,"z":22.535093307495118},"rotation":{"x":-0.04229394346475601,"y":0.011085178703069687,"z":-0.0004720846191048622,"w":-0.9990453720092773},"size":29.77802276611328,"orthographic":false}