{"cameraMode":{"drawMode":0,"name":"Shaded","section":"Shading Mode"},"sceneLighting":true,"audioPlay":false,"sceneViewState":{"showFog":true,"showMaterialUpdate":false,"showSkybox":true,"showFlares":true,"showImageEffects":true,"showParticleSystems":true,"showVisualEffectGraphs":true,"m_FxEnabled":true},"in2DMode":false,"pivot":{"x":10.638665199279786,"y":3.973551034927368,"z":20.533395767211915},"rotation":{"x":-0.09616021066904068,"y":-0.0023934415075927974,"z":0.0002283773646922782,"w":-0.9953643083572388},"size":13.963584899902344,"orthographic":false}