{"cameraMode":{"drawMode":0,"name":"Shaded","section":"Shading Mode"},"sceneLighting":true,"audioPlay":false,"sceneViewState":{"showFog":true,"showMaterialUpdate":false,"showSkybox":true,"showFlares":true,"showImageEffects":true,"showParticleSystems":true,"showVisualEffectGraphs":true,"m_FxEnabled":true},"in2DMode":false,"pivot":{"x":0.43427252769470217,"y":3.1334738731384279,"z":-0.7746567130088806},"rotation":{"x":-0.060272492468357089,"y":-0.0024004047736525537,"z":0.00014209767687134445,"w":-0.998179018497467},"size":7.49243688583374,"orthographic":false}