{"cameraMode":{"drawMode":0,"name":"Shaded","section":"Shading Mode"},"sceneLighting":true,"audioPlay":false,"sceneViewState":{"showFog":true,"showMaterialUpdate":false,"showSkybox":true,"showFlares":true,"showImageEffects":true,"showParticleSystems":true,"showVisualEffectGraphs":true,"m_FxEnabled":true},"in2DMode":false,"pivot":{"x":-2.6258163452148439,"y":20.50637435913086,"z":30.93254852294922},"rotation":{"x":0.0071712881326675419,"y":0.07402593642473221,"z":0.0005295416922308505,"w":-0.9972326755523682},"size":33.53929901123047,"orthographic":false}