{"cameraMode":{"drawMode":0,"name":"Shaded","section":"Shading Mode"},"sceneLighting":true,"audioPlay":false,"sceneViewState":{"showFog":true,"showMaterialUpdate":false,"showSkybox":true,"showFlares":true,"showImageEffects":true,"showParticleSystems":true,"showVisualEffectGraphs":true,"m_FxEnabled":true},"in2DMode":false,"pivot":{"x":-1.3170920610427857,"y":0.6727862358093262,"z":-1.1573516130447388},"rotation":{"x":-0.2715059220790863,"y":0.13571281731128694,"z":-0.03870429843664169,"w":-0.9520383477210999},"size":6.3525495529174809,"orthographic":false}