{"cameraMode":{"drawMode":0,"name":"Shaded","section":"Shading Mode"},"sceneLighting":true,"audioPlay":false,"sceneViewState":{"showFog":true,"showMaterialUpdate":false,"showSkybox":true,"showFlares":true,"showImageEffects":true,"showParticleSystems":true,"showVisualEffectGraphs":true,"m_FxEnabled":true},"in2DMode":false,"pivot":{"x":-10.680122375488282,"y":6.662226676940918,"z":0.40838611125946047},"rotation":{"x":0.031185787171125413,"y":-0.005401298403739929,"z":-0.00017003320681396872,"w":-0.9995034337043762},"size":10.82339859008789,"orthographic":false}