{"cameraMode":{"drawMode":0,"name":"Shaded","section":"Shading Mode"},"sceneLighting":true,"audioPlay":false,"sceneViewState":{"showFog":true,"showMaterialUpdate":false,"showSkybox":true,"showFlares":true,"showImageEffects":true,"showParticleSystems":true,"showVisualEffectGraphs":true,"m_FxEnabled":true},"in2DMode":false,"pivot":{"x":3.873197555541992,"y":4.727854251861572,"z":22.817813873291017},"rotation":{"x":-0.00030909039196558297,"y":0.011095545254647732,"z":-0.000006377455974870827,"w":-0.9999406933784485},"size":19.430973052978517,"orthographic":false}