{"cameraMode":{"drawMode":0,"name":"Shaded","section":"Shading Mode"},"sceneLighting":true,"audioPlay":false,"sceneViewState":{"showFog":true,"showMaterialUpdate":false,"showSkybox":true,"showFlares":true,"showImageEffects":true,"showParticleSystems":true,"showVisualEffectGraphs":true,"m_FxEnabled":true},"in2DMode":false,"pivot":{"x":-1.1916236877441407,"y":4.561397075653076,"z":6.346133232116699},"rotation":{"x":-0.015308302827179432,"y":0.011094750836491585,"z":-0.00017718334856908768,"w":-0.9998219013214111},"size":12.551974296569825,"orthographic":false}