{"cameraMode":{"drawMode":0,"name":"Shaded","section":"Shading Mode"},"sceneLighting":true,"audioPlay":false,"sceneViewState":{"showFog":true,"showMaterialUpdate":false,"showSkybox":true,"showFlares":true,"showImageEffects":true,"showParticleSystems":true,"showVisualEffectGraphs":true,"m_FxEnabled":true},"in2DMode":false,"pivot":{"x":1.0327894687652588,"y":4.347312927246094,"z":0.8398661613464356},"rotation":{"x":0.031185787171125413,"y":-0.005401298403739929,"z":-0.00017003320681396872,"w":-0.9995034337043762},"size":9.888660430908204,"orthographic":false}