{"cameraMode":{"drawMode":0,"name":"Shaded","section":"Shading Mode"},"sceneLighting":true,"audioPlay":false,"sceneViewState":{"showFog":true,"showMaterialUpdate":false,"showSkybox":true,"showFlares":true,"showImageEffects":true,"showParticleSystems":true,"showVisualEffectGraphs":true,"m_FxEnabled":true},"in2DMode":false,"pivot":{"x":-1.3170920610427857,"y":0.6727862358093262,"z":-1.1573516130447388},"rotation":{"x":-0.18149282038211823,"y":0.44994643330574038,"z":-0.09393283724784851,"w":-0.8693616390228272},"size":6.3525495529174809,"orthographic":false}